XMetab__309___m____,XMetab__190___c____,XMetab__190___e____,XMetab__6132___c____,XMetab__6132___m____,XMetab__6132___n____,XMetab__6132___e____,XMetab__9750___e____,XMetab__9750___c____,XMetab__9750___m____,XMetab__700___c____,XMetab__5961___e____,XMetab__5961___m____,XMetab__5961___c____,XMetab__6804___e____,XMetab__6804___n____,XMetab__6804___l____,XMetab__6804___c____,XMetab__6804___g____,XMetab__124886___c____,XMetab__124886___e____,XMetab__124886___r____,XMetab__124886___m____,XMetab__790___c____,XMetab__6021___c____,XMetab__6021___e____,XMetab__6426851___c____,XMetab__65065___c____,XMetab__107738___x____,XMetab__107738___c____,XMetab__107738___m____,XMetab__439155___c____,XMetab__439155___e____,XMetab__439155___m____,XMetab__439155___r____,XMetab__1110___c____,XMetab__1110___m____,XMetab__1110___x____,XMetab__6029___l____,XMetab__6029___e____,XMetab__6029___c____
2.4627577400048475,-2.1892115696191787,-2.1892115696191787,3.2412961733022825,3.2412961733022825,3.2412961733022825,3.2412961733022825,3.168041498037366,3.168041498037366,3.168041498037366,-3.2172403852588007,3.9958284817508116,3.9958284817508116,3.9958284817508116,-4.7386180900857,-4.7386180900857,-4.7386180900857,-4.7386180900857,-4.7386180900857,4.8131480533735225,4.8131480533735225,4.8131480533735225,4.8131480533735225,-4.3447407938832345,-2.4865236975400298,-2.4865236975400298,-5.015844374435531,-10.008894899797479,-3.6071193773818613,-3.6071193773818613,-3.6071193773818613,-2.441415900090928,-2.441415900090928,-2.441415900090928,-2.441415900090928,-5.219310807789687,-5.219310807789687,-5.219310807789687,-3.507992740922972,-3.507992740922972,-3.507992740922972
